id,mean.gluc,var.gluc,sd.gluc,se.gluc,gene.gluc,Total.gluc,mean.dapto,var.dapto,sd.dapto,se.dapto,gene.dapto,Total.dapto,Meangluc.dapto,DOF,TDIST,PVALUE
SPT_1565,0.964151773394064,0.00109362708821947,0.0330700330846444,0.0165350165423222,rpsO,4,0.551020510228707,0.0222183321635659,0.149058150275542,0.0745290751377708,rpsO,4,0.4131,6,5.41122762424055,0.00082317
SPT_0587,0.959405515846999,0.00908804767995525,0.095331252377986,0.0301463889710779,rbfA,10,0.574857621486039,0.0332647227736815,0.182386191291121,0.0644832563283694,rbfA,8,0.3845,16,5.40163689400993,2.9386e-05
SPT_0552,0.394750662151404,0.0753819364226176,0.274557710550291,0.0629878586557164,dnaJ,19,0.0228734701314737,0.00714631379052588,0.0845358728027686,0.0189027958124266,dnaJ,20,0.3719,37,5.65514657378956,9.2042e-07
SPT_1963,0.739975304928305,0.0354748509647704,0.18834768638019,0.0297803840492238,rsgA,40,0.391221071288245,0.0742407613749945,0.272471579022463,0.0420432774126269,rsgA,42,0.3488,80,6.76993377292262,9.7829e-10
SPT_1964,0.982991965986187,0.0191890787015823,0.138524650158671,0.0204243453950673,ksgA,46,0.671312303377192,0.0708084271983597,0.266098529117242,0.0396676266545907,ksgA,45,0.3117,89,6.98613022436384,2.4851e-10
SPT_1605,0.88588800268767,0.0475242195094159,0.218000503461382,0.154149634299624,ftsZ,2,0.647711805282994,0.140684833481485,0.375079769491085,0.216552405883261,ftsZ,3,0.2382,3,0.896115508523509,0.21811
SPT_1234,0.909204336766251,0.0121476672509203,0.11021645635258,0.0139975039542887,era,62,0.682510081159953,0.0765051259401795,0.276595600001481,0.0357083384146662,era,60,0.2267,120,5.91075404912157,1.6366e-08
SPT_1022,0.974495186922424,0.00414912930309973,0.0644137353605559,0.00901972707632371,tylA,51,0.767496940110392,0.0109930676214202,0.104847830790247,0.015293627946792,tylA,47,0.207,96,11.6584933998466,5.5511e-17
SPT_1227,0.861277437425859,0.00941888518014226,0.0970509411605176,0.0157437415971372,smpB,38,0.680646159785,0.0365463180096913,0.19117091308484,0.0318618188474733,smpB,36,0.1806,72,5.08170018946869,1.4218e-06
SPT_1595,0.918944100673376,0.0073357557438985,0.0856490265204369,0.0428245132602184,gpmA,4,0.750073853651104,0.0732637332527979,0.270672741983374,0.156272980446395,gpmA,3,0.1689,5,1.04237052361464,0.1725
SPT_1423,0.814898745779378,0.00882786837718171,0.0939567367312303,0.0542459472439546,rimM,3,0.663389312966243,0.0159355516533444,0.126236094891059,0.0728824433667998,rimM,3,0.1515,4,1.66750808443416,0.08537
SPT_0714,0.878386710512967,0.00679872035296186,0.0824543531474346,0.0175793271576715,pyrE,22,0.733417107765985,0.0569930300877701,0.238732130405126,0.049779090288022,pyrE,23,0.145,43,2.74663058843408,0.0043792
SPT_0271,0.61879228035709,0.101040705655052,0.317869007069032,0.129769478727378,rplF,6,0.476414045430327,0.130635580413601,0.361435444323881,0.18071772216194,rplF,4,0.1424,8,0.640046785727664,0.27002
SPT_2101,0.671220404456046,0.0179227168951762,0.133875751707231,0.0133211351816013,gpsA,101,0.530531377875307,0.0419497646381766,0.204816416915677,0.0203799951996653,gpsA,101,0.1407,200,5.77884645012511,1.4251e-08
SPT_0713,0.872475812293832,0.00959638743885409,0.0979611527027632,0.0195922305405526,pyrF,25,0.732401296859829,0.0134731142126203,0.11607374471697,0.0242030488670695,pyrF,23,0.1401,46,4.49916774874893,2.3081e-05
SPT_0952,0.832328711087882,0.00866132235007842,0.0930662256142282,0.00682394674612647,carB,186,0.694492456890587,0.0266854478338305,0.163356811409352,0.0121758978299641,carB,180,0.1378,364,9.87265260814991,0
SPT_0951,0.847649809182411,0.0081630886471974,0.0903498126572346,0.00974267085724073,carA,86,0.721241869230754,0.0212879715436404,0.145903980561328,0.015642548644253,carA,87,0.1264,171,6.85894786478469,6.2374e-11
SPT_0829,0.45174055493487,0.0585968936947813,0.242067952638885,0.0364931169396683,guaA,44,0.335513912711042,0.0611198151641585,0.247224220423806,0.036061358810192,guaA,47,0.1162,89,2.26490102307967,0.012973
SPT_1192,0.864002753039032,0.0145155876894915,0.120480652760066,0.0139119074606331,pyrC,75,0.750249599308118,0.0195436067862612,0.139798450586053,0.0162512397806732,pyrC,74,0.1138,147,5.31959284119185,1.8998e-07
SPT_0940,1.0586069020475,0.0157969723591264,0.125686007014013,0.0378957569694051,ffh,11,0.949843600920673,0.0201329665339156,0.141890685155565,0.0536296380397412,ffh,7,0.1088,16,1.65683062952019,0.058515
SPT_1228,0.86660639012567,0.02258390800584,0.150279433076652,0.0132829507751713,rnr,128,0.759230448667647,0.0627460660821958,0.250491648727449,0.0218855569652884,rnr,131,0.1074,257,4.19513843706342,1.879e-05
SPT_2246,0.905522910696262,0.0490761832552546,0.221531449810754,0.0614417693400423,guaB,13,0.800901037723684,0.0179442092097112,0.133955997289077,0.0386697655472067,guaB,12,0.1046,23,1.44081484385311,0.081557
SPT_0950,0.835806941290362,0.00920195533000975,0.0959268227870065,0.0123840995702889,pyrB,60,0.732362932179042,0.0125961615623883,0.112232622540812,0.0151334437361808,pyrB,55,0.1034,113,5.28772615685878,3.0589e-07
SPT_1610,0.979406266588022,0.0408953152320119,0.202225901486461,0.142995306272639,ddl,2,0.878468241165465,0.01332688759961,0.115442139618122,0.0816299197586583,ddl,2,0.1009,2,0.612798347435395,0.3012
SPT_2239,0.831927716608867,0.0744038124304496,0.272770622374276,0.0756529588777443,cbiO,13,0.731621625026783,0.0669615578140224,0.258769313895644,0.0747002665178324,cbiO,12,0.1003,23,0.943396940803968,0.17764
SPT_1509,1.0230702315518,0.000221821525433489,0.014893674007225,0.0105314178872906,clpX,2,0.930613059157606,0.00023938092601151,0.0154719399563051,0.0109403136612144,clpX,2,0.0925,2,6.0913131528927,0.012954
SPT_0175,0.93260787736423,0.00831890470423419,0.0912080298232244,0.0137501278541446,rimI,44,0.841237800192973,0.0238335379123663,0.154381144937995,0.0235429038893549,rimI,43,0.0914,85,3.35238661221205,0.00059885
SPT_2025,0.807608640694571,0.0227557887772726,0.150850219679232,0.0131298263210814,tkt2,132,0.717433217370746,0.0230025850496985,0.151666031298041,0.0132511226802779,tkt2,131,0.0902,261,4.83533458101432,1.1365e-06
SPT_2238,0.784101298294474,0.0653721666081115,0.255679812672239,0.0966378856557609,cbiO,7,0.693995712290512,0.13458717418563,0.366861246502857,0.122287082167619,cbiO,9,0.0901,14,0.578074901577487,0.2862
SPT_0253,0.789227591902696,0.0507925858854567,0.225372105384532,0.0411471286505133,nrdG,30,0.699521575946151,0.031556586053898,0.177641735112833,0.0335711323981834,nrdG,28,0.0897,56,1.68911663883748,0.048379
SPT_0413,0.912899550394953,0.0078079950423579,0.0883628600847545,0.0360739865700986,recU,6,0.829492649747947,0.00689048260690991,0.0830089308864408,0.0371227224403327,recU,5,0.0834,9,1.61118318805942,0.0708
SPT_1271,0.97131998799047,0.00470705896189818,0.0686080094587956,0.00885725593501187,lspA,60,0.888161704396019,0.0216486745131691,0.147134885439073,0.0191553305026012,lspA,59,0.0832,117,3.94238566624079,6.8911e-05
SPT_2222,1.01042877748409,0.00494033632942464,0.0702875261296387,0.0187851315243592,rplI,14,0.93045283728888,0.0114674804159159,0.107086322263471,0.0276495695155349,rplI,15,0.08,27,2.39325826400346,0.011959
SPT_2147,0.973473444622398,0.0139819074530968,0.118245115979886,0.032795294518359,rpmG,13,0.894155754501854,0.00747976771139259,0.0864856503206895,0.0273491639934251,rpmG,10,0.0793,21,1.85703178541718,0.038695
SPT_2240,0.969556870030266,0.00316291286280918,0.0562397800743316,0.0281198900371658,pgsA,4,0.890885197617608,0.00560083667256754,0.0748387377804272,0.0334689010054634,pgsA,5,0.0787,7,1.80034715936086,0.057413
SPT_0094,0.952712938033919,0.00774080124467452,0.0879818233766186,0.00862732758151639,purB,104,0.875890365030446,0.00829307372904254,0.0910663150074853,0.00915250902788302,purB,99,0.0768,201,6.10603198379115,2.5954e-09
SPT_0470,0.945641637556547,0.0111291056431076,0.105494576368208,0.0215339902277651,efp,24,0.870163562088854,0.014896450379401,0.122051015478778,0.0254493959776284,efp,23,0.0755,45,2.264721409205,0.014197
SPT_0384,1.03309556324324,0.0042875377686582,0.065479292670723,0.00845334033450506,mraW,60,0.958692965947376,0.00613271419230611,0.078311647871221,0.0102828231333367,mraW,58,0.0744,116,5.58916198094786,7.6727e-08
SPT_0167,0.930311716009233,0.0236894331761151,0.153913719908639,0.0276437201502556,gidA,31,0.856069278103937,0.0115430449914934,0.107438563800404,0.0174288365039496,gidA,38,0.0742,67,2.27054732719496,0.013197
SPT_1374,0.859548149601794,0.00418606411717476,0.0646997999778574,0.0161749499944643,rpiA,16,0.791672844981648,0.020555608741436,0.143372273265914,0.0347728839094285,rpiA,17,0.0679,31,1.77049845814239,0.043239
SPT_0896,0.993363920204948,0.00577519518372662,0.0759947049716401,0.0085500723098035,aroD,79,0.92718775161372,0.00955944524390484,0.0977724155572769,0.0108636017285863,aroD,81,0.0662,158,4.78854008233726,1.9185e-06
SPT_2203,0.97869890014761,0.00470191053401231,0.0685704785896402,0.00696227724773681,hslO,97,0.914054896238395,0.00785600493713447,0.0886341070758569,0.008953396879679,hslO,98,0.0646,193,5.69574067245971,2.2631e-08
SPT_1672,0.969985053498704,0.0112220434972472,0.105934146984092,0.00959082702858259,sun,122,0.905777576461727,0.01818614420247,0.134856012852487,0.0120618884765098,sun,125,0.0642,245,4.16608188653042,2.149e-05
SPT_2115,0.730649620840093,0.0171607024848993,0.130998864441259,0.0118117698242598,malQ,123,0.666498464255597,0.028194638565319,0.167912592039189,0.0149588426270426,malQ,126,0.0642,247,3.36830466821437,0.00043861
SPT_1226,0.979027674166577,0.00712481460139937,0.0844086168669963,0.0115944152149794,tehB,53,0.916414621861395,0.0328761149285809,0.181317718187112,0.0251442434643754,tehB,52,0.0626,103,2.26085107330431,0.012936
SPT_2037,0.923836473898347,0.00366300758709888,0.0605227856852185,0.0270666125959599,rnpA,5,0.862268964473593,0.0205225797466035,0.143257040827331,0.0640664963090748,rnpA,5,0.0616,8,0.885701530421671,0.20081
SPT_0092,0.998324443360932,0.00256945872418751,0.0506898286068074,0.0046467289698478,purK,119,0.938473320927742,0.00609178474809557,0.0780498862785563,0.00718507442378895,purK,118,0.0599,235,7.00034939587089,1.4891e-11
SPT_1072,0.590759621891648,0.0419107253245049,0.204721091547757,0.118195777313891,prfA,3,0.531312125204736,0.00540558151978072,0.0735226599068663,0.0424483274887665,prfA,3,0.0594,4,0.472978775485854,0.33044
SPT_0853,0.268292515417925,0.16486868159176,0.406040246270934,0.0865680713741715,pncB,22,0.209141307985375,0.137382811654323,0.370651873938771,0.0756589969463653,pncB,24,0.0592,44,0.51491276861156,0.3046
SPT_0059,0.949259963765982,0.00620861887664833,0.0787947896541918,0.0056281992610137,purA,196,0.890945036911684,0.0120136371475165,0.109606738604506,0.00778941172929428,purA,198,0.0583,392,6.06661496480359,1.54e-09
SPT_1598,0.990961028110166,0.00260702695551011,0.0510590536096206,0.0361042030483302,ileS,2,0.933787083577068,0.0142033556367022,0.11917783198524,0.0842714531638745,ileS,2,0.0572,2,0.623910403968666,0.29818
SPT_2233,0.937078590136196,0.00144081781715263,0.0379581060796325,0.0169753810982412,rpsB,5,0.88024292068371,0.0109521688046228,0.104652610118538,0.0468020700495668,rpsB,5,0.0568,8,1.14089413469503,0.14346
SPT_2008,1.00728687384628,0.000553485095490773,0.0235262639509713,0.0166355807757164,gap,2,0.950722059772084,0.000582823290183028,0.0241417333715504,0.0170707833766208,gap,2,0.0566,2,2.37456095925658,0.070416
SPT_1073,0.946436202429657,0.0107951769458432,0.103899840932714,0.0112695200304096,hemK,85,0.891309282553857,0.0205543751130578,0.143367971015348,0.0153706598819817,hemK,87,0.0551,170,2.89096775538168,0.0021711
SPT_1365,1.01389913078388,0.00406446835493251,0.0637531830964738,0.0184039587112223,rpsT,12,0.959273156930952,0.00858269912566621,0.0926428579312308,0.0267436894825462,rpsT,12,0.0546,22,1.68184756529861,0.05337
SPT_0086,1.01418687292172,0.00401287779844587,0.0633472793294698,0.00636664112199053,purM,99,0.959679691225579,0.00708881548730948,0.0841951037015186,0.00846192630796971,purM,99,0.0545,196,5.14658899809179,3.2106e-07
SPT_1543,0.98539742896188,0.00128295814616422,0.0358184051314994,0.016018477743932,cmk,5,0.931253538751242,0.008592237164956,0.0926943211041324,0.0414541606234067,cmk,5,0.0541,8,1.21733307044702,0.12908
SPT_1303,0.71183647382004,0.178473473383255,0.422461209323714,0.149362592950534,pfkA,8,0.658584450287958,0.167908716829956,0.409766661442772,0.136588887147591,pfkA,9,0.0533,15,0.263340087232252,0.39794
SPT_1958,1.00477235795958,0.00667002721088132,0.0816702345465061,0.00733420357116139,purR,124,0.951528122513077,0.00987696473212404,0.099382919720262,0.00878429205853944,purR,128,0.0532,250,4.64891603634437,2.7031e-06
SPT_0089,1.01003798084643,0.00641531972342848,0.0800956910415815,0.00588875232204787,purH,185,0.958201502891223,0.00982925556646372,0.0991426021771858,0.00730888960164552,purH,184,0.0518,367,5.51884925598555,3.2304e-08
SPT_1793,0.960164529458617,0.00662348660432782,0.0813848057337967,0.00921501464606973,scpA,78,0.908661494676074,0.00814452490759765,0.0902470215995944,0.0102184629957172,scpA,78,0.0515,154,3.74277327075666,0.00012823
SPT_0090,1.01267012100537,0.00627313012984131,0.0792030941936065,0.00700063062440701,purD,128,0.963000135809877,0.00771370659043418,0.0878277096959393,0.00776294613776027,purD,128,0.0497,254,4.75446463163475,1.6681e-06
SPT_0087,1.02603515812616,0.005398597992834,0.0734751522137518,0.0109530290004729,purN,45,0.977072417399385,0.014007577972946,0.118353614110199,0.0182623591373245,purN,42,0.049,85,2.30099546854537,0.01192
SPT_0914,0.795890065713271,0.0154365240859925,0.124243809044928,0.0173976131369392,thrB,51,0.747004118396558,0.0265687954223331,0.162999372459936,0.0228244774964713,thrB,51,0.0489,100,1.70389096850394,0.045754
SPT_1936,1.02673856486147,0.00664108887687646,0.0814928762339166,0.0133973463254567,ndk,37,0.978919416582566,0.0094300599859541,0.0971084959514568,0.0159645383931659,ndk,37,0.0478,72,2.29353460252438,0.012369
SPT_1937,0.954457107610521,0.0111986345975512,0.10582360132575,0.0273235363713548,rpoC,15,0.907066666677619,0.0137036686829505,0.11706266989502,0.0292656674737551,rpoC,16,0.0474,29,1.18387033771957,0.12304
SPT_0046,0.719002576942379,0.0160407626618633,0.126652132480521,0.0220473063439995,hpt,33,0.674840125345922,0.039319218112268,0.198290741367992,0.0321670058617882,hpt,38,0.0442,69,1.1334078593479,0.13048
SPT_1791,0.971671935793975,0.00555199452586775,0.0745117073074276,0.0100471565637138,rluB,55,0.928690041099263,0.0132576159225021,0.115141721033265,0.0161230658803589,rluB,51,0.043,104,2.26347578054251,0.012841
SPT_2081,0.978563827726548,0.0126584806334156,0.112509913489504,0.03977826138957,pgi,8,0.935746956327901,0.0146695373313291,0.12111786545068,0.0428216319915079,pgi,8,0.0428,14,0.732292683891774,0.23804
SPT_0695,0.954257489818895,0.00640991703388361,0.0800619574697222,0.00800619574697222,miaA,100,0.911530547847879,0.00963373639354132,0.0981515990371085,0.00986460686604537,miaA,99,0.0427,197,3.36095843810737,0.00046642
SPT_0443,1.01702202919597,0.0052714743776681,0.0726049197896954,0.00867794773110728,cvpA,70,0.974985871174402,0.0101799270280293,0.100895624424597,0.0120593336868936,cvpA,70,0.042,138,2.82692556198564,0.0026995
SPT_1224,1.00467306131769,0.00354611013070221,0.0595492244340949,0.00378137953294645,pepF1,248,0.963645081832237,0.0123307195888849,0.111043773300825,0.00707989239872903,pepF1,246,0.041,492,5.10811892084988,2.3311e-07
SPT_0962,0.98883038806495,0.00488128767406155,0.0698662126786729,0.0101910345183647,dprA,47,0.948297145021043,0.0079127742000794,0.0889537756370093,0.0132604459453078,dprA,45,0.0405,90,2.42165025646593,0.008728
SPT_1259,0.982468349723169,0.000302605264126948,0.0173955529985956,0.0100433272064416,frr,3,0.942296181594625,0.0106329242836002,0.103116071897644,0.0515580359488222,frr,4,0.0402,5,0.765318783380171,0.23931
SPT_1962,0.565210228376272,0.136172638581879,0.369015770099164,0.0894994704492644,rpe,17,0.526294360521889,0.145959758017941,0.382046800821498,0.0926599596303734,rpe,17,0.0389,32,0.301958725051193,0.38232
SPT_0091,0.987706119833608,0.0034178214941081,0.0584621372694165,0.0105001098214043,purE,31,0.949824861670824,0.006475896227845,0.0804729533933296,0.0144533690991955,purE,31,0.0379,60,2.12148663054626,0.01901
SPT_0898,1.01994134021623,0.00457520348124904,0.0676402504522939,0.00761012273994818,aroB,79,0.982263166952404,0.00800348820397433,0.0894622166278834,0.0101951657782706,aroB,77,0.0377,154,2.96331479436383,0.0017636
SPT_1898,1.0067482275413,0.00111943352007798,0.0334579365783066,0.02365833383903,recA,2,0.969079646056186,0.00217740782749841,0.0466627027453234,0.0329955135397103,recA,2,0.0377,2,0.928554339346111,0.22557
SPT_2161,0.992599554473403,0.00478217595497781,0.0691532787001297,0.00588671801168652,argF,138,0.954960985451134,0.00865532661728358,0.0930340078534918,0.0080670715714548,argF,133,0.0376,269,3.76506567623677,0.00010225
SPT_1792,0.947491582763256,0.00698076846255827,0.0835509931871445,0.0101320461775252,scpB,68,0.909999353185165,0.0110558475260774,0.105146790374587,0.0126581860584752,scpB,69,0.0375,135,2.31284143081414,0.011122
SPT_0862,0.91234048395581,0.0061941113019686,0.0787026765870679,0.00706770899936796,lgt,124,0.874982815255576,0.00972640598552457,0.0986225429885306,0.00889249523064415,lgt,123,0.0374,245,3.29251655200429,0.0005697
SPT_1950,1.00392587715118,0.00417469537725772,0.0646118826320494,0.00602508912238448,asnA,115,0.966919108616488,0.00945775459953962,0.0972509876532862,0.00910838951983743,asnA,114,0.037,227,3.38802185835385,0.0004149
SPT_0085,1.02444184080718,0.00504858694454313,0.0710534090986712,0.00531078114200065,purF,179,0.987696640351155,0.00901311808501208,0.0949374430086048,0.00707621920590841,purF,180,0.0367,357,4.14809043497496,2.0971e-05
SPT_1945,1.03419544418459,0.00402694419480221,0.0634582082539541,0.00528818402116284,murA,144,0.997995513442493,0.00699256456441694,0.0836215556206469,0.00699278577521295,murA,143,0.0362,285,4.12902241464763,2.395e-05
SPT_0548,0.846140928069403,0.00684169376794364,0.0827145317821702,0.0109558073744969,hrcA,57,0.810506052029461,0.0179567378869965,0.134002753281403,0.0177490982657022,hrcA,57,0.0356,112,1.70677124787673,0.045318
SPT_2030,1.00016956364137,0.00428386229376644,0.0654512207202161,0.00693781552072574,ulaD,89,0.964839779006845,0.00881473186365021,0.0938868034584745,0.0100083668768426,ulaD,88,0.0353,175,2.89869897534559,0.0021135
SPT_2160,0.977233057996267,0.00524971247285068,0.072454899577949,0.00562359083974247,arcA,166,0.94192494843169,0.0132541092861501,0.115126492546894,0.00898986871704451,arcA,164,0.0353,328,3.32896656188624,0.00048542
SPT_0249,0.615788619255666,0.0743664353936995,0.272702100090372,0.0364413509711396,nrdD,56,0.580564441969548,0.0571302907615261,0.23901943594931,0.0311176800694914,nrdD,59,0.0352,113,0.734564685758973,0.23206
SPT_1542,1.02685495041597,0.00433103206415034,0.0658105771449418,0.0105381262190668,phnA,39,0.994100948196935,0.00893753784973587,0.0945385521876439,0.0153361782875244,phnA,38,0.0328,75,1.76270103189894,0.041012
SPT_1956,1.02689248523657,0.00517665168417144,0.0719489519324044,0.00859954457612349,pflA,70,0.995542746160977,0.0133093635544149,0.115366214960945,0.0136914507890898,pflA,71,0.0313,139,1.93590885938433,0.027454
SPT_0879,0.982126990461214,0.011928679571034,0.109218494638198,0.0156026420911711,phoU1,49,0.951018602826181,0.0214696348055687,0.146525201946862,0.0205176322094373,phoU1,51,0.0311,98,1.20653647364036,0.11526
SPT_1268,1.01030835931852,0.00540936035955432,0.073548353887455,0.00788521121194266,proB,87,0.979184745959696,0.00982568168037724,0.0991245765709859,0.0107515698883122,proB,85,0.0311,170,2.3325325840445,0.010422
SPT_1585,1.00241088745038,0.00498918685612774,0.0706341762614086,0.00453118451983464,spoT,243,0.971430329530961,0.00897710502339814,0.0947475858446965,0.00604088543535481,spoT,246,0.031,487,4.10518866795912,2.3685e-05
SPT_1349,1.01975379202795,0.00601040780849788,0.0775268199302531,0.0387634099651265,parC,4,0.988856478454641,0.00197667525083892,0.0444598161359099,0.022229908067955,parC,4,0.0309,6,0.691503487417079,0.25755
SPT_0038,0.933396030185507,0.00800438597257507,0.0894672340724529,0.00937871448616029,ychF,91,0.903038588047663,0.012279961450515,0.110814987481455,0.0116165671058338,ychF,91,0.0304,180,2.03616871123095,0.021599
SPT_1019,0.980384824450269,0.022901841446197,0.1513335436914,0.0211909347276451,xseA,51,0.950219500381115,0.0308018952271271,0.17550468719418,0.0230448944256292,xseA,58,0.0302,107,0.964643140917355,0.16845
SPT_0061,1.00937938977847,0.00428398659835773,0.0654521703105232,0.00882556884425508,dut,55,0.980074966709249,0.0118596623789022,0.108902077018311,0.0145526521753782,dut,56,0.0293,109,1.72153397374189,0.043995
SPT_1281,0.998128370363022,0.00558481985440463,0.074731652292751,0.00919883050406379,speE,66,0.968827942123375,0.0121476648797216,0.110216445595572,0.0135667066188014,speE,66,0.0293,130,1.78753597444527,0.03809
SPT_0335,1.03277711053339,0.00215142457837276,0.046383451557347,0.0207433101426593,folP,5,1.00399374757176,0.00655910296443707,0.0809882890573512,0.0362190639427279,folP,5,0.0288,8,0.690009802899764,0.25485
SPT_0310,0.987354216278513,0.005673483336996,0.075322528748018,0.00836916986089089,rseP,81,0.95862712476831,0.0132236812912893,0.114994266340932,0.0126989923218865,rseP,82,0.0287,161,1.88706614717181,0.030476
SPT_1611,0.988639498296189,0.00468110681779024,0.0684186145562027,0.0279317824284757,recR,6,0.961257071035364,0.00209005923475747,0.045717165646587,0.0186639547200724,recR,6,0.0274,10,0.815632374789404,0.21685
SPT_1651,0.958346731309795,0.00662711048941659,0.0814070665815726,0.0153844895098656,nrdR,28,0.931037689175893,0.00762246093681027,0.08730670613882,0.0162124483215727,nrdR,29,0.0273,55,1.22147223320847,0.11356
SPT_1764,1.02498036800846,0.00434918971567708,0.0659483867556825,0.0102994076501197,xpt,41,0.997864854897948,0.00711864742898603,0.0843720773063342,0.013340396760391,xpt,40,0.0271,79,1.607964637267,0.055916
SPT_0140,1.01062671843155,0.0051383338793443,0.071682172674552,0.00896027158431901,sdaAB,64,0.984690771494108,0.0074773430721997,0.0864716316036635,0.0108089539504579,sdaAB,64,0.0259,126,1.84473705432176,0.033712
SPT_0899,1.01782989841009,0.00443698837232038,0.066610722652741,0.00584214684744229,aroC,130,0.992394686430572,0.00883924435529984,0.09401725562523,0.00824585879993469,aroC,130,0.0254,258,2.51343677064521,0.006283
SPT_0482,0.999586005696968,0.0040215049747998,0.0634153370628888,0.00757958251281484,ilvH,70,0.97444459947819,0.00813625778265456,0.0902012072128448,0.0105572527706672,ilvH,73,0.0251,141,1.93130837457441,0.027726
SPT_0897,1.01587842123088,0.00572146676541382,0.0756403778772543,0.00731243133391441,aroE,107,0.99082010465879,0.00977610719179684,0.0988741988174713,0.00960351114633112,aroE,106,0.0251,211,2.07943485481411,0.019393
SPT_0498,1.02502140816022,0.00548888746508274,0.0740870262939655,0.00447576094133183,pflB,274,1.00032777551851,0.0108646976892976,0.104233860569863,0.00626280570834069,pflB,277,0.0247,549,3.20873479791068,0.0007055
SPT_0982,0.983121027928354,0.00652378801418486,0.0807699697547601,0.00648760009018935,smc,155,0.958494161914927,0.00877869109269198,0.0936946694998812,0.0075015772241969,smc,156,0.0246,309,2.48039057443116,0.0068281
SPT_1261,0.999637411057983,0.0061426400775709,0.0783749965076292,0.00776028102228345,trmFO,102,0.974998902092815,0.0102179629942646,0.101083940338041,0.00991209585181769,trmFO,104,0.0246,204,1.95415666342892,0.026025
SPT_1584,1.0266753375275,0.00829276242342969,0.0910646057666187,0.0115652164975829,dtd,62,1.00345069510707,0.0106301540464344,0.103102638406756,0.0130940481717128,dtd,62,0.0232,122,1.32797467667515,0.093333
SPT_2051,1.01325087419181,0.00496237369649935,0.07044411754362,0.00504460803615684,nagA,195,0.990757755066366,0.00659329137721381,0.0811990848299032,0.00584483802069437,nagA,193,0.0225,386,2.91421924819793,0.0018867
SPT_0082,0.992096462424618,0.00419922848521708,0.0648014543449225,0.00715612349517929,purC,82,0.969635281666364,0.00979292471361304,0.0989592073210625,0.0107336330747647,purC,85,0.0225,165,1.74412849435497,0.041499
SPT_0752,1.01478788331653,0.00743343249549443,0.0862173561151954,0.00889264128934731,manA,94,0.992545310304107,0.0113861619661457,0.106705960312185,0.0111248653954464,manA,92,0.0222,184,1.55874241978078,0.060388
SPT_0581,0.977537389065505,0.00476928410594321,0.0690600036630698,0.00891560813586975,trmB,60,0.955379060554105,0.0108103323323355,0.103972748027238,0.0134228240522971,trmB,60,0.0222,118,1.3776859169281,0.085454
SPT_0760,1.00436777381675,0.00731956920625603,0.0855544809244731,0.0111382447010868,upp,59,0.982887173492895,0.00826409402378264,0.0909070625627219,0.0116394566543955,upp,61,0.0215,118,1.33456105268922,0.092295
SPT_1973,0.767875317801381,0.00501219378277925,0.070796848678308,0.0267586936014107,rpmH,7,0.7466193114946,0.00379032860552005,0.061565644685328,0.0232696264489633,rpmH,7,0.0213,12,0.600654941473947,0.27962
SPT_1018,1.02979710064541,0.00317443382808135,0.056342114160558,0.00752903170126116,udk,56,1.00851870147441,0.00925758467752872,0.0962163430895642,0.0129738090555401,udk,55,0.0213,109,1.41998094155957,0.079234
SPT_0986,0.768660957924514,0.00912470395624288,0.0955233162962995,0.0675451847145408,zwf,2,0.747517246003016,0.0171888306332437,0.131106180759122,0.0927060694702446,zwf,2,0.0211,2,0.183953416665642,0.43551
SPT_0741,1.02977661409701,0.00508215319728536,0.0712892221677678,0.00864508802840679,thiE,68,1.00932298919653,0.00820010810602485,0.0905544482950719,0.0109014745087134,thiE,69,0.0205,135,1.47341118421539,0.071484
SPT_0438,0.986436364293876,0.00649080462278593,0.0805655299913427,0.00849235252237495,tig,90,0.96603268353819,0.00935159673791926,0.09670365421182,0.00997422035449348,tig,94,0.0204,182,1.55727403650859,0.060571
SPT_0389,1.02127246619498,0.00401916042410569,0.0633968486922314,0.0101516203381475,luxS,39,1.00131513582836,0.00922336731629534,0.096038363773522,0.0151849986140066,luxS,40,0.02,77,1.09494224949507,0.13848
SPT_1266,0.984726710987474,0.00662883238182411,0.0814176417112662,0.00888339300111122,proC,84,0.964904154920709,0.0101268648315239,0.100632324983198,0.0111129812203544,proC,82,0.0198,164,1.3917010821816,0.082949
SPT_1279,1.00824354440928,0.00651457795702144,0.0807129354999646,0.0066345624293184,nspC,148,0.989133953121319,0.0115958557061399,0.107684055022737,0.00894267402195975,nspC,145,0.0191,291,1.71530784367946,0.043677
SPT_0643,0.966572690138889,0.0066030078497418,0.0812588939731633,0.00659096662992026,uvrC,152,0.947569574469672,0.0124724090397471,0.111679940185098,0.00908838463988864,uvrC,151,0.019,301,1.69238876413504,0.045803
SPT_1320,0.997122409254144,0.0107858998251072,0.10385518679925,0.0101838389245616,thiI,104,0.978391747949009,0.00919736285920841,0.0959028824343065,0.00963860234388364,thiI,99,0.0187,201,1.33362963385974,0.091917
SPT_1277,1.01752983089116,0.00566957619934329,0.0752965882317605,0.0071468358773059,aguB,111,0.998870828713551,0.011997678570856,0.109533915162638,0.0102140902554547,aguB,115,0.0187,224,1.50006213465841,0.067503
SPT_1359,1.05256448581684,0.0127713824237497,0.113010541206339,0.0163116665966863,cdd,48,1.03396666275149,0.0185623032694446,0.136243543955097,0.019665061694456,cdd,48,0.0186,94,0.727994036200683,0.23421
SPT_1448,0.960586122016509,0.00290301300046809,0.0538796158158917,0.0240956967131813,atpF,5,0.942173377014728,0.00664075264794597,0.081490813273313,0.036443799604174,atpF,5,0.0184,8,0.421155951205189,0.34236
SPT_2228,1.0169167501542,0.00496734898235237,0.0704794224036517,0.00627880598695677,cysK,126,0.998839583461933,0.00858049554068323,0.0926309642651054,0.00831850615693282,cysK,124,0.0181,248,1.73668789762805,0.041842
SPT_0063,1.02088818469559,0.00617664657369331,0.078591644426703,0.00782016090443291,radA,101,1.00342250232857,0.00778565920904181,0.0882363825700136,0.00891322063751816,radA,98,0.0175,197,1.47585857066151,0.070789
SPT_2061,0.841475156604905,0.00920208264598915,0.0959274863946156,0.00733575822985969,thrC,171,0.824201479107928,0.0119992231494249,0.109540965622113,0.00828051866885677,thrC,175,0.0173,344,1.56383265856308,0.059388
SPT_1591,1.00139060492676,0.00734077331707636,0.0856783129915404,0.0111543662630428,tpx,59,0.984092269976932,0.00924460160960972,0.096148851317162,0.0125175142450385,tpx,59,0.0173,116,1.03183311602775,0.15215
SPT_2191,1.00390615947033,0.00381415775214275,0.0617588678016587,0.00438901161887502,dltA,198,0.987018420203031,0.0070384671905758,0.0838955731285972,0.00597731209245749,dltA,197,0.0169,393,2.27896785561719,0.011602
SPT_1705,1.02244672280887,0.00583049160708452,0.0763576558511622,0.00859090747412158,prmA,79,1.00631223140217,0.00781696023472967,0.0884135749459871,0.00994730434493463,prmA,79,0.0161,156,1.22493667129502,0.11122
SPT_1367,1.03160003096497,0.00428410746475948,0.0654530936225285,0.00736404837128852,deoD,79,1.01568809173322,0.00948502659583245,0.0973911012148053,0.0108212334683117,deoD,81,0.0159,158,1.21473786357614,0.11314
SPT_0618,1.00297624262572,0.00528757200936904,0.0727156930061802,0.0187751112013911,cysE,15,0.987363303123548,0.0127954449536512,0.113116952547579,0.0266619214045166,cysE,18,0.0156,31,0.478391942009684,0.31786
SPT_0489,1.01484815396377,0.00469389029817006,0.0685119719331597,0.0114186619888599,gltL,36,0.999394613614587,0.0109249075224675,0.104522282420867,0.0174203804034779,gltL,36,0.0155,70,0.744147705460313,0.22964
SPT_1267,1.0105719517309,0.00494783403809241,0.0703408418921214,0.0057819815866355,proA,148,0.995064763964122,0.00762499964930072,0.0873212439747666,0.00722675757136009,proA,146,0.0155,292,1.67474780129803,0.047527
SPT_0696,0.990468100503361,0.00817814751208497,0.0904331107066708,0.0099866664230332,hflX,82,0.975103193738863,0.0122188932052928,0.110539102607597,0.0121332427976473,hflX,83,0.0154,163,0.979979539514441,0.16427
SPT_0948,1.02953426649286,0.00517487747546835,0.0719366212402859,0.0106064761548417,nth,46,1.01413191455804,0.0134433242654661,0.115945350340003,0.016912367541565,nth,47,0.0154,91,0.771423130114558,0.22123
SPT_1477,1.06592313750061,0.00528300569764331,0.0726842878319882,0.0419642931456546,rpsR,3,1.05103769052138,0.0365589384355584,0.191203918462877,0.110391633794653,rpsR,3,0.0149,4,0.126165603121376,0.45284
SPT_2171,1.00021426232405,0.0047504524849731,0.0689235263532932,0.0037269574647916,fucI,342,0.98533906862526,0.00691192079631905,0.0831379624258319,0.00450217308114076,fucI,341,0.0149,681,2.54934593618256,0.0055053
SPT_0238,0.988940814412586,0.00562263354060679,0.0749842219443983,0.00409682568804547,uvrA,335,0.974111524990082,0.00943127108419076,0.0971147315508351,0.00530594459191855,uvrA,335,0.0148,668,2.20779903312231,0.013799
SPT_1067,0.857547535160904,0.00861829670971836,0.0928347817884998,0.01001063196999,asd,86,0.843286600960315,0.0146035488077945,0.120845143914824,0.0131074961973021,asd,85,0.0143,169,0.86703424449106,0.19358
SPT_1491,1.01380929715316,0.00450541612004964,0.0671223965606833,0.0113457558081673,def2,35,0.999473826225197,0.0110309709939724,0.105028429455897,0.0172665674408217,def2,37,0.0143,70,0.692138551673985,0.24557
SPT_0139,0.999179697139563,0.00470043258595016,0.0685597008887157,0.00752540483316439,sdaAA,83,0.984961456249777,0.0064223326170818,0.0801394573046374,0.00884992256896111,sdaAA,82,0.0142,163,1.22235490136017,0.11167
SPT_1280,1.01606047516524,0.00522858278589781,0.0723089398753557,0.00562924333464035,lys,165,1.00188050204724,0.0120623074026684,0.109828536376792,0.00837434738959165,lys,172,0.0142,335,1.40726505683668,0.080138
SPT_1242,0.984352977366046,0.00170332515293219,0.0412713599598097,0.0184571132787995,rplT,5,0.970321430368623,0.00541557268681838,0.0735905747145542,0.0300432263214699,rplT,6,0.014,9,0.397051619317929,0.35029
SPT_1026,0.978681166220877,0.00664635977484235,0.0815252094437196,0.00699072903652231,lepA,136,0.964674533497645,0.00952130173748867,0.097577157867447,0.00839810460868609,lepA,135,0.014,269,1.28123467824508,0.10061
SPT_2024,1.0100867458579,0.0076609299090849,0.0875267382522901,0.0108563557485819,yajC,65,0.996326388626635,0.0133733774668083,0.115643320026746,0.0144554150033432,yajC,64,0.0138,127,0.76335247325548,0.22333
SPT_2003,0.976830485355959,0.00537463171564198,0.0733118797715758,0.0259196636640071,nusG,8,0.963076330398421,0.0240140470068501,0.154964663736124,0.0547882822860533,nusG,8,0.0138,14,0.227684805645596,0.41159
SPT_1740,1.00113784614806,0.00372091820618626,0.0609993295552194,0.00489958405488457,trpE,155,0.987296555652986,0.00869166424394427,0.0932290954795994,0.00748834115053108,trpE,155,0.0138,308,1.54210470545026,0.062037
SPT_0211,0.996810895530321,0.00455155117662464,0.0674651849224816,0.00488160945512648,mutL,191,0.983293979373857,0.00657449419620604,0.081083254721342,0.00586697840308199,mutL,191,0.0135,380,1.76880533214068,0.038864
SPT_1737,1.01331506901558,0.0052667960107348,0.0725726946635909,0.00849399143854119,trpC,73,1.00007373467806,0.00776798347205933,0.0881361643825015,0.0105342865186965,trpC,70,0.0132,141,0.975454751969162,0.1655
SPT_0521,1.01164890981454,0.00478146710888813,0.0691481533295585,0.00533489585122163,trkA,168,0.99867204558579,0.00934296352492064,0.0966590064345824,0.00743530818727557,trkA,169,0.013,335,1.42057481916936,0.078185
SPT_0876,1.01998997506446,0.00476919500481698,0.069059358560712,0.00758024938777924,pstA1,83,1.00711058083695,0.0065746622574301,0.0810842910644849,0.00900936567383166,pstA1,81,0.0129,162,1.09562743600525,0.13743
SPT_1735,1.00624158590408,0.0048304713148829,0.0695015921751646,0.00621641138592542,trpB,125,0.99350121316381,0.0066430938442573,0.0815051767942215,0.00726105825743845,trpB,126,0.0127,249,1.32864715558875,0.09259
SPT_1008,0.968576375789064,0.00561563377956374,0.0749375325158478,0.0176629458024478,ldh,18,0.956530107311598,0.0151204741860138,0.122965337335421,0.026216298006821,ldh,22,0.012,38,0.379611155316574,0.35317
SPT_2247,0.895434225391177,0.00574702273293051,0.0758091203809311,0.0379045601904656,trpS,4,0.883772735455139,0.00849506298863744,0.0921686659805676,0.0376277003209015,trpS,6,0.0117,8,0.219061198680589,0.41604
SPT_0746,1.02629840374052,0.00931282950730878,0.0965030025818305,0.00689307161298789,spxB,196,1.01486341022537,0.0156686830232486,0.125174610138193,0.00898701326005103,spxB,194,0.0114,388,1.00652356625421,0.1574
SPT_1770,1.00350806817848,0.00519203602603142,0.0720557841261298,0.00613379568163105,galK,138,0.992154484082427,0.00762185479728946,0.0873032347469981,0.00743174487347463,galK,138,0.0114,274,1.18305213827293,0.11891
SPT_0903,1.01426612895068,0.00659821615902005,0.0812294045221314,0.00886285463997274,aroK,84,1.0028877573798,0.0134872833676386,0.11613476382048,0.0124509536022363,aroK,87,0.0114,169,0.745916709022929,0.22838
SPT_1076,1.00149004211908,0.00868563733270346,0.0931967667502659,0.00865310255934922,glyA,116,0.990155213515128,0.00921657594972358,0.0960029996912783,0.00887548046116045,glyA,117,0.0113,231,0.911615465749151,0.18146
SPT_2096,1.00670906421089,0.00448226566974501,0.0669497249415187,0.0048698759095394,pstA2,189,0.995764389951032,0.00709008531961132,0.0842026443742198,0.0061411090028729,pstA2,188,0.0109,375,1.39072124543086,0.082567
SPT_1068,1.01661010219247,0.0063076974115281,0.0794210136646977,0.00666486341244409,dapA,142,1.00567925926974,0.00997571226591083,0.0998784875031196,0.00835225871460769,dapA,143,0.0109,283,1.02007071714326,0.15428
SPT_2138,1.00513731545309,0.00593709393645595,0.0770525401038535,0.00521865651823365,ilvD,218,0.994453750997082,0.00864043760363593,0.0929539542119427,0.00631012557794076,ilvD,217,0.0107,433,1.30670548187954,0.096003
SPT_0902,1.01143841701492,0.00522126965636876,0.0722583535403953,0.00668028714796154,aroA,117,1.00107969042434,0.00800776560007139,0.0894861195944454,0.00834462367925881,aroA,115,0.0104,230,0.972944722166348,0.1658
SPT_0942,1.02071751260642,0.00386545926764427,0.0621728177553846,0.0069511323426873,gidB,80,1.0104379925097,0.00737364848441099,0.0858699509980703,0.00948274973268919,gidB,82,0.0103,160,0.876030307939884,0.19116
SPT_0212,0.995162917669282,0.00419987982391375,0.0648064797988114,0.00617905540288669,ribH,110,0.98494846951671,0.00831396379872434,0.0911809398872612,0.00869376150347547,ribH,110,0.0102,218,0.956315406757413,0.16999
SPT_1406,1.00377457559337,0.0049583102960788,0.0704152703330663,0.00887149018107989,fabG,63,0.993572432886341,0.00709846821462755,0.0842524077675383,0.010614805633872,fabG,63,0.0102,124,0.737317946903799,0.23116
SPT_1802,1.00294724047089,0.00676004224200309,0.0822194760504048,0.00680453225371164,treP,146,0.992987430015755,0.00790577685486095,0.0889144355819737,0.00728415438236868,treP,149,0.01,293,1.00321259380094,0.15829
SPT_0877,1.01772343833935,0.00329618163592218,0.0574123822526307,0.00577016152280107,pstB1,99,1.00781942723797,0.00861720187680824,0.0928288849270971,0.00942534523243581,pstB1,97,0.0099,194,0.895819771892943,0.18573
SPT_1517,0.947827856702929,0.0099666612730512,0.0998331671993391,0.012888406465406,apt,60,0.937971634353373,0.0213604061642284,0.146151996784951,0.0184134208146901,apt,63,0.0099,121,0.440472227364312,0.33019
SPT_1769,1.01233219000599,0.00538157229976537,0.0733592005120378,0.00578151493169178,galT2,161,1.00255188566521,0.00976570323469945,0.0988215727192168,0.00778823098209288,galT2,161,0.0098,320,1.01034977940308,0.15655
SPT_1749,1.00100997995998,0.0048953952466789,0.069967101173901,0.00420391567799851,galT1,277,0.99146423072654,0.0091011573412762,0.0953999860653879,0.00574240435342611,galT1,276,0.0095,551,1.33487919058439,0.091234
SPT_0705,0.960447060173741,0.00509707614179622,0.0713938102484818,0.00605554395004347,typA,139,0.950942269062449,0.00844561839784893,0.0919000456901351,0.00773938000240482,typA,141,0.0095,278,0.966735911649534,0.16726
SPT_2053,0.989943536863464,0.00475457888207311,0.0689534544607673,0.005288488543149,tgt,170,0.980666307610237,0.00702560673848492,0.0838188924914003,0.0064476071147231,tgt,169,0.0093,337,1.11523499954854,0.13277
SPT_1739,1.020332670758,0.00662321742367007,0.081383151964458,0.0146168455884674,pabA,31,1.01138175222191,0.00975341370123625,0.0987593727260165,0.017458355540074,pabA,32,0.009,61,0.395267036368356,0.34701
SPT_1344,1.00433308756327,0.00480952881589545,0.0693507665126742,0.00673594190574,pcp1,106,0.995293907644168,0.00727021329084673,0.0852655457429713,0.00832106523105622,pcp1,105,0.009,209,0.840669891713984,0.20075
SPT_1497,1.02974076155792,0.00216210385879006,0.0464984285625876,0.0096955925863027,dapB,23,1.02091400365464,0.002720630297774,0.0521596615956622,0.0111204772170614,dapB,22,0.0088,43,0.596463473438526,0.277
SPT_2013,0.99130452610162,0.00495309838218429,0.0703782521961457,0.00818130563671895,nadC,74,0.982483946106835,0.0109828675710224,0.104799177339435,0.0125258974990802,nadC,70,0.0088,142,0.588195517541635,0.27867
SPT_2201,1.00268444526524,0.00531547165829174,0.0729072812433144,0.00548004683590224,glpK,177,0.994111865317112,0.00777824678371898,0.0881943693424868,0.00672475761805747,glpK,172,0.0086,347,0.991369923650376,0.1611
SPT_2028,1.02178914466028,0.00435890480285739,0.0660220024147813,0.00647398997383538,araD,104,1.01332704390263,0.0102167423666558,0.101077902464663,0.0098641932388749,araD,105,0.0085,207,0.720404035421899,0.23604
SPT_2087,1.00520450224962,0.00477956435318362,0.0691343934173405,0.00395862385145688,mutS,305,0.996699721313315,0.00756722831416564,0.0869898173015994,0.00498920819387813,mutS,304,0.0085,607,1.33461014214001,0.091252
SPT_1738,1.01998231684116,0.00350180886933979,0.0591760835924429,0.00674374059881852,trpD,77,1.01177851098735,0.00456671353901224,0.0675774632478332,0.00760305862754102,trpD,79,0.0082,154,0.806856305433528,0.2105
SPT_1133,0.994507142509364,0.00439853920371242,0.0663214837267112,0.0135378161762284,pcrA,24,0.986620408225845,0.00477926135404417,0.0691322020048846,0.0138264404009769,pcrA,25,0.0079,47,0.408257600828072,0.34247
SPT_0215,1.0004066200355,0.00579509243729338,0.0761255045125705,0.00486348008318784,ribD,245,0.992518791391845,0.00882727046552319,0.0939535548317528,0.00603956324891951,ribD,242,0.0079,485,1.01878454041461,0.15441
SPT_0615,1.01486902170605,0.00652593686302351,0.0807832709354078,0.00564214838126509,metE,205,1.00693296340707,0.00975894663112267,0.0987873809305757,0.00686619761699068,metE,207,0.0079,410,0.888940367947612,0.18728
SPT_1243,1.0135057739305,0.00942005354267451,0.0970569602999935,0.0323523200999978,rpmI,9,1.00602156485713,0.00647096531283058,0.0804423104642736,0.0284406516118007,rpmI,8,0.0075,15,0.174110803244176,0.43205
SPT_2162,1.00095256757357,0.00708649303391725,0.0841813104787354,0.0076214177470292,arcC,122,0.9934636071441,0.0111482111175468,0.105585089466017,0.00948182094153402,arcC,124,0.0075,244,0.616515079621757,0.26906
SPT_1016,1.01587716810199,0.00832254477442485,0.091227982409044,0.00951117464881547,truB,92,1.00882011928212,0.0105391955881443,0.10266058439413,0.0107031058008495,truB,92,0.0071,182,0.495862631924915,0.31029
SPT_0999,0.763133893993228,0.00909949352275005,0.0953912654426497,0.0190782530885299,fhs,25,0.756157561176192,0.00740703959770524,0.0860641597745847,0.0157130939004229,fhs,30,0.007,53,0.283217255240918,0.38906
SPT_0483,1.00905949945312,0.00497935380133572,0.0705645364282635,0.00600685224745229,ilvC,138,1.00211337605811,0.0078795827057666,0.0887670136129779,0.00755635000539982,ilvC,138,0.0069,274,0.714802574400576,0.23767
SPT_1111,0.880612707051732,0.00872469279854964,0.0934060640352094,0.00608021687787451,ppc,236,0.873815370348206,0.0170929254466724,0.130739915277135,0.00842169827608496,ppc,241,0.0068,475,0.654651529455899,0.2565
SPT_1222,0.959626996447595,0.00672662914177552,0.0820160297854969,0.00820160297854969,prsA,100,0.952795983868035,0.0115559479428387,0.10749859507379,0.010749859507379,prsA,100,0.0068,198,0.502909924456889,0.30779
SPT_0616,1.0101944160386,0.00422835004740401,0.0650257644891931,0.00631586057373263,metF,106,1.0035580605239,0.00753986943551551,0.0868324215688789,0.00839440703628309,metF,107,0.0066,211,0.628269008271354,0.26525
SPT_1736,1.00774652513634,0.00734141432434418,0.0856820536888804,0.00903168147525647,trpF,90,1.00132689502719,0.00880503130392988,0.0938351283045421,0.00989109099921623,trpF,90,0.0064,178,0.477818280918082,0.31668
SPT_0647,0.982883544347884,0.0043287671019948,0.0657933667020833,0.00613526308000108,pepV,115,0.976548268209607,0.00722636665152393,0.0850080387464852,0.00789279825139825,pepV,116,0.0063,229,0.630196282203141,0.2646
SPT_1071,0.960208381189561,0.0158309154605688,0.125820965902225,0.0158519516902488,tdk,63,0.954043318547562,0.017382845182776,0.131844018380721,0.0164805022975902,tdk,64,0.0062,125,0.271135241457624,0.39337
SPT_2055,0.997824306322706,0.00484741400395953,0.0696233725408323,0.00721960741490638,pcp2,93,0.99166938615438,0.00699564979157547,0.0836400011452383,0.00867306409348096,pcp2,93,0.0062,184,0.549415780757875,0.29169
SPT_0486,1.00258950304132,0.0071740746018591,0.084699909101835,0.00590132229787475,ilvA,206,0.996561707889335,0.0112688600844246,0.106154887237586,0.00737827470388004,ilvA,207,0.006,411,0.635055612692212,0.26287
SPT_1412,1.00482812120351,0.0133263189899289,0.115439676844354,0.0288599192110885,metG,16,0.998903977978664,0.0357656699802098,0.189118137628864,0.0472795344072159,metG,16,0.0059,30,0.106513998677592,0.45794
SPT_1555,1.0049556661859,0.0055044090017695,0.0741917043999496,0.0043870474491248,tkt1,286,0.999036282467546,0.00867365898109728,0.093132480806093,0.00546892758229028,tkt1,290,0.0059,574,0.841524174758917,0.2002
SPT_0475,1.01618017090096,0.00129688670925368,0.0360123133005044,0.0207917187781873,gatC,3,1.01040391988906,0.00141907814810906,0.0376706536724419,0.0217491620383335,gatC,3,0.0058,4,0.192764274376381,0.42827
SPT_1373,1.04825876709885,0.00541695522304672,0.0735999675478646,0.00567836077486838,deoB,168,1.0428123087214,0.00901096566683596,0.0949261063503394,0.00730200818079534,deoB,169,0.0054,335,0.583781721363905,0.27988
SPT_1080,0.988327986694189,0.0075565527738208,0.0869284347829915,0.00931970645646749,rumA1,87,0.982906670664084,0.012181637331813,0.110370454976923,0.0115699674374407,rumA1,91,0.0054,176,0.363472751446775,0.35834
SPT_1537,0.998667106429292,0.00509671882661241,0.0713913077805163,0.00865746772735438,truA,68,0.99348442079253,0.0127294315576317,0.112824782550784,0.0137837409938502,truA,67,0.0052,133,0.319467661756855,0.37494
SPT_0356,1.01072316227094,0.00394000617513322,0.0627694684949077,0.00905999238310618,celB,48,1.00575518095249,0.006833602515748,0.0826656066072705,0.0116906822005801,celB,50,0.005,96,0.338057442551398,0.36803
SPT_2235,0.995874790251698,0.00285329517855236,0.0534162445193628,0.0178054148397876,mreD,9,0.991191622226823,0.00306007976502157,0.0553179877166692,0.0184393292388897,mreD,9,0.0047,16,0.183358650642958,0.42841
SPT_0731,1.00028458027162,0.0031605935994286,0.0562191568722673,0.00676799115983059,lctO,69,0.995554054194965,0.00392708585749043,0.0626664651746884,0.00738531374633546,lctO,72,0.0047,139,0.469183011016878,0.31984
SPT_1348,1.01253919423383,0.00483152770042831,0.0695091914816186,0.00758407455856421,ilvE,84,1.00818923454027,0.0104913537282435,0.102427309484549,0.0111757356891336,ilvE,84,0.0043,166,0.318374208391262,0.3753
SPT_1846,1.01807050514631,0.0073478281924581,0.0857194738228023,0.00576611579562782,rumA2,221,1.01415722572243,0.0116483969918566,0.107927739677326,0.00724363560100002,rumA2,222,0.0039,441,0.421238163356572,0.33689
SPT_0481,0.993004493499234,0.00537981510087571,0.0733472228572814,0.00560900231972362,ilvB,171,0.989359912424225,0.00984405468807319,0.0992172096366008,0.00756524131098597,ilvB,172,0.0036,341,0.382257408324002,0.35125
SPT_2189,0.996370849123171,0.00681856598994428,0.0825746086272546,0.0125925097614307,dltC,43,0.993565376172741,0.0100760532321776,0.100379545885492,0.0149636992100346,dltC,45,0.0028,86,0.143169867935997,0.44325
SPT_1135,1.01675853952497,0.0052427159236831,0.0724066013819396,0.00912237431123799,radC,63,1.0140256513738,0.0112091400205117,0.105873226174098,0.0131319575086075,radC,65,0.0027,126,0.168860183880903,0.43309
SPT_0354,1.0010578722699,0.00458561043686616,0.0677171354744585,0.0041211336254438,celA,270,0.998459858655404,0.00701840129391883,0.083775899242675,0.00506108716211028,celA,274,0.0026,542,0.398361153762414,0.34526
SPT_0688,1.01464796275448,0.00506604748776796,0.0711761721910357,0.00230441365952864,zmpB,954,1.01221724454859,0.00860087691450098,0.0927409128405634,0.00301049742510708,zmpB,949,0.0024,1901,0.633040109819734,0.26339
SPT_0533,1.00745641752336,0.00520328051919075,0.0721337682309108,0.00581270469221523,pyrG,154,1.00517604490733,0.00926605459251211,0.0962603479762675,0.00773181721014186,pyrG,155,0.0023,307,0.237773212389404,0.40611
SPT_1855,1.03277437492821,0.00305797720473483,0.0552989801419052,0.0276494900709526,groEL,4,1.03047466496565,0.00437976870101455,0.0661798209503059,0.0330899104751529,groEL,4,0.0023,6,0.0533380535304044,0.4796
SPT_1673,0.965462356001158,0.00382922542301533,0.0618807354757143,0.0309403677378571,fmt,4,0.963258798577233,0.0150006659866322,0.122477205988021,0.0612386029940106,fmt,4,0.0022,6,0.0320648172277218,0.48773
SPT_0637,0.944663748597296,0.0126206657718027,0.112341736553263,0.022032027187538,recJ,26,0.942560899376613,0.0239551592525763,0.154774543296294,0.028740911158604,recJ,29,0.0021,53,0.0579887027704188,0.47699
SPT_1516,0.992554382332691,0.00632703951123271,0.0795426898667169,0.00943998053772217,metA,71,0.990407021873706,0.00682116413817313,0.0825903392544984,0.00987143363316098,metA,70,0.0021,139,0.1537488408972,0.43902
SPT_0441,0.963397689153453,0.0150324692209754,0.122606970523602,0.0267550344358869,rnhC,21,0.961734201828122,0.0218678124714334,0.147877694299828,0.0308346307790399,rnhC,23,0.0017,42,0.0416420794855513,0.48349
SPT_2141,0.997460175885754,0.00665865951060851,0.0816006097440976,0.00459767350091102,ulaA,315,0.995769441681462,0.0103713746850904,0.101839946411467,0.00566652619767056,ulaA,323,0.0017,636,0.232968272185116,0.40793
SPT_0971,1.01846134398935,0.00735309734158104,0.0857502031576663,0.00752079033366381,leuB,130,1.01677356772787,0.00962709779613238,0.0981177751283241,0.00857258981601723,leuB,131,0.0017,259,0.149070291015651,0.44081
SPT_1748,1.00849222443572,0.0068637207528875,0.0828475754194865,0.00566334366448753,galE2,214,1.00710592810776,0.0069663260283576,0.0834645195778278,0.00567904123867264,galE2,216,0.0014,428,0.174557388776142,0.43075
SPT_1194,1.00402371618413,0.00504887610216862,0.07105544386019,0.00976021584026012,ung,53,1.00288859050153,0.0101374630334832,0.100684969253028,0.0134545949622393,ung,56,0.0011,107,0.0661777080275219,0.47368
SPT_0360,0.988781971701001,0.00560021732197937,0.0748345997649441,0.00484064785334371,celD,239,0.988382731897656,0.00849342432514176,0.0921597760692904,0.00591205239134005,celD,243,4e-04,480,0.0523494585153378,0.47914
SPT_1040,1.02786261421656,0.00445258265439835,0.0667276753258972,0.00461564981630825,lacG2,209,1.02753845465019,0.00748161533326675,0.0864963313283676,0.00598307634511842,lacG2,209,3e-04,416,0.0397006647369703,0.48418
SPT_1183,1.02134954499611,0.002566221002336,0.0506578819369306,0.00605477497793035,rnhB,70,1.02108207484304,0.00528878030252709,0.0727240008699129,0.00863075103428864,rnhB,71,3e-04,139,0.02845549873892,0.48867
SPT_1847,1.00637310974223,0.00657692920456996,0.0810982688136433,0.00711278870149231,recX,130,1.00620627332085,0.0126260686537156,0.112365780617213,0.0099318256809689,recX,128,2e-04,256,0.0163718467508129,0.49348
SPT_1034,1.00872173264918,0.00514750835099106,0.0717461382305073,0.0106952828137674,lacB,45,1.00849107621249,0.00674779954495321,0.082144990991254,0.0125269936861509,lacB,43,2e-04,86,0.0121420880274455,0.49517
SPT_1063,0.992239286476302,0.00774910440224643,0.0880289975079032,0.0142801890764484,mscL,38,0.992169205047374,0.0101427277562722,0.100711110391417,0.016126684174638,mscL,39,1e-04,75,0.0046424147581763,0.49815
SPT_1783,1.0141786804398,0.00453451640955144,0.0673388179993638,0.00666753651890235,pepA,102,1.01430895997068,0.00893332151386945,0.0945162499989788,0.00935850327078579,pepA,102,-1e-04,202,0.00870264253873175,0.49653
SPT_2080,1.00647769547958,0.0250768172173737,0.158356614062608,0.111975035649411,gltX,2,1.00657130127466,0.00519831819739844,0.0720993633633366,0.041626586846223,gltX,3,-1e-04,3,0.000837085921192947,0.49969
SPT_1703,1.01440936042299,0.00443055624208655,0.0665624236494327,0.00460421911882938,pepF2,209,1.01477911387795,0.00741279249464381,0.0860975754283697,0.00591320575772783,pepF2,212,-4e-04,419,0.0533737532682038,0.47873
SPT_1324,1.0106928848148,0.00784925762204902,0.088596036153143,0.00698234580438276,fruA,161,1.01110561795951,0.00903850058805846,0.0950710291732369,0.00737894292722499,fruA,166,-4e-04,325,0.039374589235604,0.48431
SPT_0733,1.004607335091,0.00512992064085253,0.0716234643175861,0.0057344665551498,thiM,156,1.00580260109338,0.00935058493911248,0.0966984226299089,0.00771737428496374,thiM,157,-0.0012,311,0.124809212829718,0.45038
SPT_1360,1.03016872886167,0.00684628195484148,0.0827422622052448,0.0118203231721778,deoC,49,1.03285598218328,0.00699516606342573,0.0836371093679458,0.0118280734385831,deoC,50,-0.0027,97,0.161464494874505,0.43603
SPT_1803,1.01833669476015,0.00397194087225974,0.0630233359340787,0.00929228393352779,treR,46,1.02137895899884,0.00500746686612983,0.0707634571380584,0.0105487933655728,treR,45,-0.003,89,0.213403663725579,0.41575
SPT_1278,1.000640970686,0.00682919585816273,0.0826389487963317,0.00711242827636178,aguA,135,1.00367656432144,0.00911161691601699,0.0954547899060963,0.00827697999664065,aguA,133,-0.003,266,0.274899803002534,0.3918
SPT_0358,1.01316447862778,0.00570079780594999,0.0755036277668166,0.0112554162822962,celC,45,1.01643293637153,0.00949062458261116,0.0974198366997767,0.0146865929759479,celC,44,-0.0033,87,0.178344403962556,0.42943
SPT_2095,0.999937554723017,0.0049225758072716,0.0701610704541457,0.00580657150584966,pstC2,146,1.00346884351878,0.00822587575372326,0.0906966137941393,0.00748053062694769,pstC2,147,-0.0035,291,0.369601132573475,0.35597
SPT_1167,1.0254382856324,0.00356121648193583,0.0596759288317813,0.00574231892919498,glgC,108,1.02896225951509,0.00607072411877014,0.0779148517214153,0.00749736010253815,glgC,108,-0.0035,214,0.370615026970472,0.35565
SPT_1325,1.00877646109856,0.00636409894129083,0.0797753028279481,0.0108560436669156,pfkB,54,1.01243191686307,0.00745185960374413,0.0863241542312702,0.0116399465819956,pfkB,55,-0.0037,107,0.232459924252917,0.40831
SPT_0074,0.98335259468077,0.00020342348225013,0.014262660419786,0.0100852239005916,recO,2,0.987104635571815,0.00166673529679047,0.040825669581655,0.0288681078076696,recO,2,-0.0038,2,0.124268013033722,0.45623
SPT_1164,1.00300855591292,0.0048520304890287,0.0696565179220775,0.00423916068257608,pulA,270,1.00690954191157,0.00900948982099963,0.0949183323757831,0.00578727286514227,pulA,269,-0.0039,537,0.543647021430024,0.29346
SPT_0979,1.02767930350091,0.00674627267625393,0.0821356967234949,0.00875569468990814,guaC,88,1.03205055330412,0.00851361099966714,0.0922692310560088,0.00956787355150015,guaC,93,-0.0044,179,0.339259038161817,0.36741
SPT_1035,1.02078900391014,0.00412059242224401,0.0641918407762545,0.00756508098495612,lacC,72,1.02582501385162,0.00563650233869806,0.0750766430968918,0.00890995829861573,lacC,71,-0.005,141,0.42777593495432,0.33473
SPT_1514,1.01562685003606,0.00797554092414659,0.0893058840398917,0.051560776190649,tpiA,3,1.02063735743806,0.00108547021610615,0.0329464750179158,0.019021656220443,tpiA,3,-0.005,4,0.0909792389337753,0.46594
SPT_1168,1.0302854887003,0.00519139904765931,0.0720513639541911,0.00504460449860537,glgD,204,1.03587897939686,0.00800036948595884,0.0894447845654449,0.00621684228137501,glgD,207,-0.0056,409,0.69946924683584,0.24233
SPT_1416,1.00708780121649,0.00545458846328251,0.073855185757552,0.00677029377816872,gor,119,1.0128597185417,0.00748640149745452,0.0865239937673622,0.00793164150434192,gor,119,-0.0058,236,0.556183017674307,0.28931
SPT_1794,0.971986896183375,0.00899402689254228,0.0948368435395352,0.0106699785228345,xerD,79,0.977929105774546,0.00932229436408326,0.0965520293110573,0.0107280032567841,xerD,81,-0.0059,158,0.389935341882458,0.34855
SPT_1734,1.01464769214702,0.00594334769882271,0.0770931105794981,0.0103952329099122,trpA,55,1.02062374705644,0.00917006268891664,0.0957604442811155,0.0126837806977262,trpA,57,-0.006,110,0.365867833170276,0.35758
SPT_1069,0.951910413969819,0.00763079563998146,0.0873544254172704,0.0330168693678625,trmE,7,0.958075229574705,0.00698331341231417,0.0835662217185519,0.0315850629532247,trmE,7,-0.0062,12,0.13569209183371,0.44716
SPT_0518,1.00380311215432,0.00739849424297489,0.0860145001902289,0.00499949127242195,lacG1,296,1.01050629885282,0.00992494601131674,0.0996240232640538,0.00571382960206521,lacG1,304,-0.0067,598,0.882475003618555,0.18894
SPT_0301,0.985723444539897,0.00563903774673063,0.0750935266632926,0.00508597538602034,gldA,218,0.992435638369681,0.00950580388389288,0.0974977121982505,0.00658828484407934,gldA,219,-0.0067,435,0.804996374390776,0.21063
SPT_0075,0.825270041041835,0.0094282255932762,0.0970990504241735,0.0116055563006175,plsX,70,0.832057411364385,0.0101872503555741,0.100931909501278,0.0118131864767256,plsX,73,-0.0068,141,0.410622994420406,0.34099
SPT_2132,0.947046154094938,0.00563009863676517,0.0750339832127095,0.0375169916063548,hisS,4,0.954825139560378,0.001122573977109,0.0335048351303061,0.0167524175651531,hisS,4,-0.0078,6,0.189839574181969,0.42785
SPT_1062,1.02245976619352,0.00357229624298323,0.0597686894869147,0.00559785065502763,hemH,114,1.03045840571671,0.00767012541474353,0.0875792521933336,0.0081315294266672,hemH,116,-0.008,228,0.810367288577624,0.20929
SPT_0214,0.990601351592602,0.00569336328258812,0.0754543788165281,0.00602191501091227,ribE,157,0.998698449202947,0.00783296774990662,0.0885040549913201,0.00706339255107738,ribE,157,-0.0081,312,0.872659536764633,0.19176
SPT_1169,1.03848494715833,0.0064951045724498,0.0805922116116055,0.00720838654482391,glgA,125,1.04678287081041,0.00989930002651499,0.0994952261493735,0.0088287736579475,glgA,127,-0.0083,250,0.728215651317969,0.23358
SPT_0819,0.987781442754698,0.000639949794802949,0.0252972289945549,0.0103275504904999,def,6,0.996042849738264,0.000246526965867896,0.0157011772128047,0.00640997875539766,def,6,-0.0083,10,0.682841708228473,0.25511
SPT_0739,1.00709966763546,0.00506843688181686,0.0711929552822248,0.00738236556327704,thiW,93,1.01568311578262,0.00777350386839949,0.0881674762505965,0.00904579219910939,thiW,95,-0.0086,186,0.736562524063022,0.23116
SPT_2098,0.991504902502971,0.00541856057390747,0.0736108726609559,0.00689428989123981,phoU2,114,1.00064928648827,0.00805668938807278,0.0897590629857107,0.00837007578173204,phoU2,115,-0.0091,227,0.839184206854307,0.20112
SPT_1036,1.02241442793426,0.00445526785633044,0.0667477928948249,0.00630707359150539,lacD,112,1.03185487500668,0.00645845922074674,0.0803645395727913,0.00756005994541642,lacD,113,-0.0094,223,0.954751820303947,0.17037
SPT_1233,0.993635360233196,0.00608883976484233,0.0780310179662058,0.0105217003161365,mutM,55,1.00304062690145,0.00895801486703178,0.0946467900513894,0.013000736457392,mutM,53,-0.0094,106,0.562033185305797,0.28764
SPT_1187,1.0253376414084,0.00506836451345572,0.0711924470253391,0.00615009071250641,lpdA,134,1.03510667671543,0.0116846877012807,0.1080957339643,0.00926913271740924,lpdA,136,-0.0098,268,0.88098852720871,0.18956
SPT_2097,1.00557316890786,0.0069222445903199,0.0832000275860525,0.00710825806903897,pstB3,137,1.01537595874621,0.008754445154656,0.0935651920035223,0.00802314902359563,pstB3,136,-0.0098,271,0.914259249868831,0.1807
SPT_1033,1.02359253958222,0.00545368131405398,0.0738490440970902,0.0126650065767777,lacA,34,1.03346917466013,0.0130789930007042,0.114363425100441,0.0196131655967769,lacA,34,-0.0099,66,0.424038809227301,0.33646
SPT_0990,1.00456800183154,0.00576038231687082,0.0758971825357886,0.00632476521131572,uvrB,144,1.01500046046448,0.0104602337153855,0.102275283990735,0.00829562095776469,uvrB,152,-0.0104,294,0.996962939307338,0.1598
SPT_2232,0.958476923650796,0.000457266001239076,0.0213837789279415,0.0151206150873415,tsf,2,0.969642090754549,0.00018758948237693,0.013696330982308,0.00968476851496539,tsf,2,-0.0112,2,0.623737452057885,0.29823
SPT_1024,1.00453613020746,0.00548728642016215,0.0740762203420379,0.00652204753373239,recN,129,1.01585542991668,0.00815143801711922,0.0902853145152589,0.00791854591212652,recN,130,-0.0113,257,1.10150645619386,0.13585
SPT_0341,0.67010188284883,7.49587991092663e-05,0.00865787497653242,0.0061220421065714,rpsI,2,0.682175273188501,0.00575613646036727,0.0758692062721581,0.0536476302382839,rpsI,2,-0.0121,2,0.224091456831765,0.42175
SPT_2122,0.965378443627619,0.00187970822851678,0.0433556020430668,0.0153285201035389,aspS,8,0.977471633746654,0.00478017031840065,0.0691387757947785,0.0244442486037121,aspS,8,-0.0121,14,0.419369854767505,0.34065
SPT_1055,1.0231249731613,0.00413023887075207,0.0642669345056388,0.00599292254373736,pepT,115,1.03578130862994,0.008926731706933,0.0944813828589156,0.00873480693524525,pepT,117,-0.0127,230,1.19890320737529,0.1159
SPT_1333,0.915826018759747,0.0102888738517728,0.101434086242115,0.0717247302252606,sufD,2,0.928550369016802,0.00721192361409579,0.0849230452474226,0.0600496611734645,sufD,2,-0.0127,2,0.135765617542577,0.45222
SPT_1640,0.995035483305215,0.00423971700448062,0.0651131093135677,0.0230209605698823,secA,8,1.00782176694075,0.00182560615902355,0.0427271126923357,0.0142423708974452,secA,9,-0.0128,15,0.47284015266247,0.32157
SPT_1230,1.03515760234122,0.00815825777922523,0.0903230744562276,0.0192569441775089,rpmG,22,1.04813421288542,0.0157552376365052,0.125519869488879,0.0287962329741283,rpmG,19,-0.013,39,0.375269398411012,0.35475
SPT_1000,1.01742847403177,0.00397354895970048,0.0630360925161172,0.00621113075372033,mutY,103,1.03113971112949,0.00838286229523468,0.0915579723193709,0.00906559013319514,mutY,102,-0.0137,203,1.24667570239664,0.10698
SPT_1166,1.01787480985548,0.0048560574393507,0.0696854176951728,0.00440729279233894,glgB,250,1.03287016527733,0.00861527760972628,0.0928185197561687,0.00581252117338797,glgB,255,-0.015,503,2.05634571630553,0.020132
SPT_0478,0.951283029171911,0.0105582552345363,0.102753370915685,0.0256883427289213,rpmB,16,0.967519216597529,0.0125644324641463,0.112091179243267,0.0289418180310617,rpmB,15,-0.0162,29,0.418628441019032,0.33929
SPT_0040,0.970531414695345,0.00936867210867448,0.0967919010489746,0.00463018454754616,mfd,437,0.986705660428987,0.0144683677125324,0.120284528151099,0.00560220899113293,mfd,461,-0.0162,896,2.22895872176412,0.013032
SPT_1547,0.969725426913747,0.0028877079775523,0.0537373983139517,0.0240320951127957,galE1,5,0.986417640611665,0.00899436173180992,0.0948386088669056,0.0424131152635831,galE1,5,-0.0167,8,0.342574809849865,0.37037
SPT_0858,1.01005940158832,0.00351639292913784,0.0592991815216521,0.00778636399710931,queA,58,1.02724007037814,0.00653456470364891,0.0808366544560629,0.0102662653821905,queA,62,-0.0172,118,1.33488374007409,0.092242
SPT_1449,1.00091713193908,0.00792684395262999,0.0890328251412365,0.0314778572027822,atpB,8,1.01855151071576,0.0128730455444423,0.11345944449204,0.0401139712949901,atpB,8,-0.0176,14,0.345165314714081,0.36755
SPT_0878,1.03580421481998,0.00650356828727714,0.0806447040249832,0.00850069819830318,pstB2,90,1.05374574631357,0.0111035922223976,0.105373584082528,0.0110461530384756,pstB2,91,-0.0179,179,1.28422077508084,0.10036
SPT_1060,1.0366873284115,0.00485883684548762,0.069705357365755,0.00686827294573835,srtB,103,1.05454684872852,0.0105365531122118,0.102647713623888,0.0100173911213553,srtB,105,-0.0179,206,1.47375627852763,0.071037
SPT_0734,1.01562042731275,0.00584997236244248,0.0764851120313128,0.00646417178566513,thiE1,140,1.03440203173659,0.00956458282412656,0.0977986851860829,0.00829517621120921,thiE1,139,-0.0188,277,1.78767756263426,0.037461
SPT_0742,1.00402141583485,0.00965468407856442,0.0982582519616771,0.0113458856440353,thiD,75,1.02311899038183,0.00819424287863597,0.0905220574149526,0.0103159458453204,thiD,77,-0.0191,150,1.24555483561059,0.10743
SPT_2146,0.869845551944856,0.0238980068112789,0.154589801769971,0.0428754966881111,rpmF,13,0.891686549664547,0.0103487745449668,0.101728926785683,0.0271881993111596,rpmF,14,-0.0218,25,0.429394638655195,0.33566
SPT_0476,0.91251889190901,0.00748827850494273,0.0865348398331142,0.00697317611257816,prfC,154,0.934314568645486,0.0123430317713632,0.111099197888028,0.00889505472351796,prfC,156,-0.0218,308,1.92877170559658,0.027339
SPT_1043,1.00499001960083,0.00332874025036275,0.0576952359416507,0.0192317453138836,nrdF,9,1.02744229205843,0.00516673095024478,0.0718799760033681,0.0239599920011227,nrdF,9,-0.0225,16,0.732335415259878,0.23728
SPT_2088,0.969200263265202,0.00606138136335395,0.0778548737289706,0.00923967361425408,argR,71,0.992937595755157,0.00708277892826776,0.0841592474316861,0.00991826242641696,argR,72,-0.0237,141,1.74840627285421,0.041285
SPT_1244,0.974845358887478,1.03832644269799e-06,0.00101898304338099,0.000720529819888807,infC,2,1.00090511169311,0.000313353015741585,0.01770178001619,0.0125170486885205,infC,2,-0.0261,2,2.08170994164028,0.086412
SPT_1216,0.970554120170975,0.00663955599842923,0.0814834707068202,0.0364405159086126,glmU,5,0.999072292573633,0.0301596833223946,0.17366543502492,0.0776655436115587,glmU,5,-0.0285,8,0.33220827143045,0.37413
SPT_1145,0.934415422765227,0.00695744291555917,0.0834112876987232,0.0140990809381921,eutD,35,0.96314269401858,0.0134292145686155,0.115884488041392,0.0190512924784046,eutD,37,-0.0287,70,1.21092106549669,0.115
SPT_0875,0.9942158413164,0.00608962387453152,0.0780360421506083,0.00991058726371947,pstC1,62,1.02582485586163,0.00956980965034896,0.0978254039109932,0.0121337480101822,pstC1,65,-0.0316,125,2.01700839016407,0.022918
SPT_0039,1.07134170900319,0.00658210146108121,0.0811301513685338,0.0573676801913813,pth,2,1.10402314014465,0.000815206138104212,0.0285518149704045,0.0201891819807566,pth,2,-0.0327,2,0.537682512038213,0.32231
SPT_1351,0.900660022338537,0.0134356135760117,0.115912094174904,0.0819622278126081,parE,2,0.934043259433152,0.00620896287529662,0.0787969725008304,0.0557178735923071,parE,2,-0.0334,2,0.337007937480003,0.3841
SPT_1058,1.02282065542445,0.00515474777229861,0.0717965721486661,0.00877134732608991,lepB2,67,1.05736778780872,0.00646624128899516,0.0804129422978364,0.00968058065766177,lepB2,69,-0.0345,134,2.64098372621493,0.0046245
SPT_1938,0.991660962074984,0.000728021230018742,0.026981868542018,0.0190790622151449,rpoB,2,1.03369861147943,0.0138184562377972,0.117551929962027,0.083121766817715,rpoB,2,-0.042,2,0.49247633816201,0.33557
SPT_1179,0.926553184975978,0.00199253557962886,0.0446378267798608,0.0257716613073925,addA,3,0.968977280651535,0.0016575653236342,0.0407132082208489,0.0235057817258804,addA,3,-0.0424,4,1.21555341794505,0.14549
SPT_1232,0.9889656812322,0.00542991863897833,0.0736879816454375,0.0260526357567193,coaE,8,1.03340819184245,0.00447729177503707,0.0669125681396034,0.0236571653390602,coaE,8,-0.0444,14,1.26168886490447,0.11384
SPT_1523,0.923474696441401,0.00665159890010243,0.0815573350478204,0.025790693864459,codY,10,0.970536064826913,0.00274965127902607,0.0524371173790672,0.0165820724851451,codY,10,-0.0471,18,1.5361304644666,0.070949
SPT_1949,0.750749287529443,0.017745644787673,0.133212780121402,0.0666063900607011,rsmD,4,0.816288056055437,0.00160554586798643,0.0400692633821291,0.0200346316910646,rsmD,4,-0.0655,6,0.941710580142486,0.19135
SPT_1980,1.06907669816842,5.36324512999244e-05,0.00732341800663627,0.00517843853395618,ccpA,2,1.13688028740765,0.0279852088161874,0.167287802353272,0.118290339453794,ccpA,2,-0.0678,2,0.572617558207502,0.31235
SPT_1229,0.921186216753155,0.000111942909349066,0.01058030762072,0.00748140726565083,secG,2,0.989505319372924,0.00334682803064009,0.0578517763827533,0.0409073833839326,secG,2,-0.0683,2,1.6423843603026,0.12111
SPT_0448,0.980712160035658,0.0201261080120035,0.141866514766535,0.100314774614718,serS,2,1.05283724444366,0.0037250378040523,0.0610330877807464,0.0431569102465196,serS,2,-0.0721,2,0.660230584639601,0.28849
SPT_1688,1.03443860512711,0.0124397987534623,0.111533845775452,0.0788663386796367,yqeG,2,1.10748095839702,0.00481087430414716,0.0693604664354786,0.0490452561627889,yqeG,2,-0.073,2,0.786022242712421,0.2571
SPT_1422,0.950328006555286,0.00611796372335568,0.0782174131722322,0.0451588445503044,trmD,3,1.02538223237142,0.0043043292413923,0.0656073870946885,0.0378784425999464,trmD,3,-0.0751,4,1.27414521026603,0.1358
SPT_1334,0.919824516020448,0.00861369377033818,0.0928099874492943,0.0464049937246472,sufC,4,1.00047460651882,0.0190512992139431,0.138026443893709,0.0563490597584128,sufC,6,-0.0807,8,1.10551679647433,0.15054
SPT_1213,0.973263143671184,0.00103677303447897,0.0321989601459267,0.0185900783078768,mtnN,3,1.0654732921087,0.00509213011389417,0.0713591627886298,0.0411992318451617,mtnN,3,-0.0922,4,2.03985909483547,0.055481
SPT_1260,0.846434642431364,0.00589974351803879,0.0768097879051804,0.0343503814186649,pyrH,5,0.952423570693722,0.0147274592838851,0.121356743874764,0.0542723857664007,pyrH,5,-0.106,8,1.65032963429558,0.068741
SPT_0609,0.953128490829074,0.0160312619443569,0.126614619789173,0.0633073098945865,pheS,4,1.06384869476616,0.00741674265384105,0.0861205123872417,0.038514263990997,pheS,5,-0.1107,7,1.49387896778314,0.089425
SPT_1636,1.04023047865433,0.0040815990463522,0.063887393485352,0.031943696742676,alr,4,1.15958045143185,0.00833831832506826,0.0913143927596754,0.0372789447388832,alr,6,-0.1193,8,2.43008327810304,0.020598
SPT_1856,0.693707369182383,0.0543388401984046,0.233106928679532,0.104248587710726,groES,5,0.897424623332116,0.00307178905482604,0.0554237228524577,0.0247862423728408,groES,5,-0.2037,8,1.90099019855968,0.046912
